step,mode,loss,angle_error(rad),distance(m),x(m),y(m),the(rad)
1,training,0.08258784,0.2594552822411061,0.0,0.0,0.0,0.0
2,training,0.06732935,0.22703199088573456,0.0,0.0,0.0,0.0
3,training,0.06024142,0.23856668919324875,0.0,0.0,0.0,0.0
4,training,0.047828376,0.21134078502655024,0.0,0.0,0.0,0.0
5,training,0.03596033,0.17027774453163147,0.0,0.0,0.0,0.0
6,training,0.02678133,0.19887219369411469,0.0,0.0,0.0,0.0
7,training,0.016683333,0.11170195043087011,0.0,0.0,0.0,0.0
8,training,0.009284621,0.02664777636528015,0.02133397791748321,0.0,0.0,0.0
9,training,0.004271995,0.039408147335052435,0.02133397791748321,0.0,0.0,0.0
10,training,0.0017387195,0.05316925048828125,0.02133397791748321,0.0,0.0,0.0
11,training,0.004577326,0.1916494369506836,0.02133397791748321,0.0,0.0,0.0
12,training,0.008425183,0.22727179527282715,0.008025150149612787,0.0,0.0,0.0
13,training,0.012389648,0.3117150068283081,0.008025150149612787,0.0,0.0,0.0
14,training,0.02141375,0.3009980022907257,0.008025150149612787,0.0,0.0,0.0
15,training,0.03842326,0.27860696613788605,0.033284907399956494,0.0,0.0,0.0
16,training,0.033964824,0.19862450659275055,0.033284907399956494,0.0,0.0,0.0
17,training,0.022353258,0.1282026767730713,0.033284907399956494,0.0,0.0,0.0
18,training,0.025948565,0.12143101915717125,0.06292874648644835,0.0,0.0,0.0
19,training,0.03526085,0.21992018073797226,0.06292874648644835,0.0,0.0,0.0
20,training,0.04359126,0.27359699457883835,0.06292874648644835,0.0,0.0,0.0
21,training,0.034380913,0.2966594323515892,0.06292874648644835,0.0,0.0,0.0
22,training,0.04066913,0.3104610741138458,0.06292874648644835,0.0,0.0,0.0
23,training,0.040211163,0.29983723163604736,0.06292874648644835,0.0,0.0,0.0
24,training,0.0425992,0.3160431310534477,0.06292874648644835,0.0,0.0,0.0
25,training,0.048532397,0.31290988996624947,0.18371611033705124,0.0,0.0,0.0
26,training,0.054939635,0.2965512089431286,0.18371611033705124,0.0,0.0,0.0
27,training,0.03389964,0.6211147457361221,0.18371611033705124,0.0,0.0,0.0
28,training,0.048041828,0.5974540486931802,0.18371611033705124,0.0,0.0,0.0
29,training,0.044767134,0.5748328287154436,0.18371611033705124,0.0,0.0,0.0
30,training,0.038017295,0.5068970881402493,0.29003866084104657,0.0,0.0,0.0
31,training,0.08808026,0.45143777690827847,0.29003866084104657,0.0,0.0,0.0
32,training,0.091379605,0.43983277305960655,0.32268882248907826,0.0,0.0,0.0
33,training,0.0831025,0.39463106170296663,0.32268882248907826,0.0,0.0,0.0
34,training,0.10490882,0.3094877768307924,0.32268882248907826,0.0,0.0,0.0
35,training,0.1041215,0.21122370287775993,0.3197592742032176,0.0,0.0,0.0
36,training,0.051903203,0.21397483721375465,0.3197592742032176,0.0,0.0,0.0
37,training,0.06094939,0.18943452835083008,0.3197592742032176,0.0,0.0,0.0
38,training,0.03635705,0.11516200006008148,0.3197592742032176,0.0,0.0,0.0
39,training,0.06712775,0.06765094958245754,0.3197592742032176,0.0,0.0,0.0
40,training,0.07733031,0.022866306826472282,0.26401053580950407,0.0,0.0,0.0
41,training,0.08662839,0.019353430718183517,0.26401053580950407,0.0,0.0,0.0
42,training,0.08447361,0.011237076483666897,0.26401053580950407,0.0,0.0,0.0
43,training,0.033136334,0.002230656100437045,0.26401053580950407,0.0,0.0,0.0
44,training,0.061048403,0.008244223892688751,0.26401053580950407,0.0,0.0,0.0
45,training,0.07150441,0.014515994116663933,0.26401053580950407,0.0,0.0,0.0
46,training,0.0310128,0.03920356184244155,0.011674481414582355,0.0,0.0,0.0
47,training,0.04412549,0.03650875948369503,0.011674481414582355,0.0,0.0,0.0
48,training,0.05685663,0.040171125903725624,0.011674481414582355,0.0,0.0,0.0
49,training,0.0744477,0.05120518524199724,0.011674481414582355,0.0,0.0,0.0
50,training,0.023770658,0.050431028008461,0.011674481414582355,0.0,0.0,0.0
51,training,0.051094487,0.03344942815601826,0.011674481414582355,0.0,0.0,0.0
52,training,0.04199721,0.034411524422466755,0.021832827273420966,0.0,0.0,0.0
53,training,0.02748774,0.05054563982412219,0.021832827273420966,0.0,0.0,0.0
54,training,0.04524473,0.05931102205067873,0.021832827273420966,0.0,0.0,0.0
55,training,0.057116203,0.07625677809119225,0.021832827273420966,0.0,0.0,0.0
56,training,0.06281546,0.07046511769294739,0.021832827273420966,0.0,0.0,0.0
57,training,0.034409184,0.06103560607880354,0.021832827273420966,0.0,0.0,0.0
58,training,0.017464302,0.07082640554290266,0.042371674170827774,0.0,0.0,0.0
59,training,0.021642549,0.07167584449052812,0.042371674170827774,0.0,0.0,0.0
60,training,0.03452255,0.04573988355696203,0.042371674170827774,0.0,0.0,0.0
61,training,0.02658491,0.04729699343442917,0.042371674170827774,0.0,0.0,0.0
62,training,0.04578217,0.15202327072620392,0.042371674170827774,0.0,0.0,0.0
63,training,0.039065797,0.15053837373852727,0.042371674170827774,0.0,0.0,0.0
64,training,0.035103343,0.06500161346048118,0.04744173349780692,0.0,0.0,0.0
65,training,0.031087786,0.06359697273001073,0.04744173349780692,0.0,0.0,0.0
66,training,0.01794925,0.06254737742710859,0.04744173349780692,0.0,0.0,0.0
67,training,0.03209763,0.060319183277897544,0.04744173349780692,0.0,0.0,0.0
68,training,0.053888604,0.04360823892056942,0.04744173349780692,0.0,0.0,0.0
69,training,0.016030647,0.020499128848314285,0.04744173349780692,0.0,0.0,0.0
70,training,0.02473418,0.025279171764850616,0.06159162823480131,0.0,0.0,0.0
71,training,0.01807719,0.06350928358733655,0.06159162823480131,0.0,0.0,0.0
72,training,0.014866633,0.10835038498044014,0.06159162823480131,0.0,0.0,0.0
73,training,0.035807297,0.12251554057002068,0.06159162823480131,0.0,0.0,0.0
74,training,0.009459583,0.06376511696726084,0.06159162823480131,0.0,0.0,0.0
75,training,0.043048844,0.02239934727549553,0.06159162823480131,0.0,0.0,0.0
76,training,0.02658398,0.003376774489879608,0.0559805945439281,0.0,0.0,0.0
77,training,0.017143821,0.04792938381433487,0.0559805945439281,0.0,0.0,0.0
78,training,0.005220144,0.013769976794719696,0.0559805945439281,0.0,0.0,0.0
79,training,0.032441024,0.005137350410223007,0.0559805945439281,0.0,0.0,0.0
80,training,0.019253692,0.009733244776725769,0.0559805945439281,0.0,0.0,0.0
81,training,0.011956554,0.04001961275935173,0.044277683063767746,0.0,0.0,0.0
82,training,0.017437402,0.0320135485380888,0.044277683063767746,0.0,0.0,0.0
83,training,0.022635546,0.01042411383241415,0.044277683063767746,0.0,0.0,0.0
84,training,0.014997527,0.0304772729286924,0.044277683063767746,0.0,0.0,0.0
85,training,0.003336449,0.04495628597214818,0.044277683063767746,0.0,0.0,0.0
86,training,0.024429401,0.02853024285286665,0.044277683063767746,0.0,0.0,0.0
87,training,0.001974429,0.0012794081121683155,0.03391311841232853,0.0,0.0,0.0
88,training,0.0034556738,0.042418536730110645,0.03391311841232853,0.0,0.0,0.0
89,training,0.0057023843,0.07214725203812122,0.03391311841232853,0.0,0.0,0.0
90,training,0.0025303978,0.02814774215221405,0.03391311841232853,0.0,0.0,0.0
91,training,0.0030895039,0.04030393809080124,0.03391311841232853,0.0,0.0,0.0
92,training,0.014194346,0.027256902307271957,0.03391311841232853,0.0,0.0,0.0
93,training,0.0077634025,0.048436300829052925,0.015954072313748405,0.0,0.0,0.0
94,training,0.04146153,0.03157451143488288,0.015954072313748405,0.0,0.0,0.0
95,training,0.001745413,0.1319730021059513,0.015954072313748405,0.0,0.0,0.0
96,training,0.009575961,0.141318641602993,0.015954072313748405,0.0,0.0,0.0
97,training,0.0061338493,0.05748328939080238,0.015954072313748405,0.0,0.0,0.0
98,training,0.0053816093,0.026020549237728126,0.006051629645996867,0.0,0.0,0.0
99,training,0.053583127,0.06096222251653671,0.006051629645996867,0.0,0.0,0.0
100,training,0.012751941,0.00900338590145111,0.006051629645996867,0.0,0.0,0.0
101,training,0.0027718937,0.12936925888061523,0.006051629645996867,0.0,0.0,0.0
102,training,0.024227891,0.16720782220363617,0.006051629645996867,0.0,0.0,0.0
103,training,0.021179209,0.1416696347296238,0.006051629645996867,0.0,0.0,0.0
104,training,0.013689127,0.07466187165118755,0.006051629645996867,0.0,0.0,0.0
105,training,0.00854298,0.05612043291330339,0.011371667217696335,0.0,0.0,0.0
106,training,0.006444874,0.07432125508785249,0.011371667217696335,0.0,0.0,0.0
107,training,0.0011131049,0.10874730721116063,0.011371667217696335,0.0,0.0,0.0
108,training,0.001852658,0.03512002155184747,0.011371667217696335,0.0,0.0,0.0
109,training,0.0028018751,0.06812307424843311,0.011371667217696335,0.0,0.0,0.0
110,training,0.0062676817,0.10774584487080574,0.011371667217696335,0.0,0.0,0.0
111,training,0.040396884,0.09440001100301743,0.027007504697333692,0.0,0.0,0.0
112,training,0.0026331302,0.08950415044091643,0.027007504697333692,0.0,0.0,0.0
113,training,0.0011522796,0.07985537219792604,0.027007504697333692,0.0,0.0,0.0
114,training,0.014185278,0.05462482199072839,0.027007504697333692,0.0,0.0,0.0
115,training,0.00108295,0.04231803119182588,0.027007504697333692,0.0,0.0,0.0
116,training,0.016972749,0.046530324965715394,0.027007504697333692,0.0,0.0,0.0
117,training,0.007610161,0.05077695101499559,0.0509405397555307,0.0,0.0,0.0
118,training,0.0060230996,0.053824735805392265,0.0509405397555307,0.0,0.0,0.0
119,training,0.0038819902,0.005552701652050018,0.0509405397555307,0.0,0.0,0.0
120,training,0.0034611179,0.03619687259197235,0.0509405397555307,0.0,0.0,0.0
121,training,0.0046452275,0.001820489764213562,0.0509405397555307,0.0,0.0,0.0
122,training,0.0047581852,0.07495687436312437,0.06566331859657162,0.0,0.0,0.0
123,training,0.0028959727,0.02586809545755387,0.06566331859657162,0.0,0.0,0.0
124,training,0.035431694,0.06931091286242008,0.06566331859657162,0.0,0.0,0.0
125,training,0.004550039,0.08389176987111568,0.06566331859657162,0.0,0.0,0.0
126,training,0.0006615217,0.06177105754613876,0.06566331859657162,0.0,0.0,0.0
127,training,0.0015117867,0.044729674234986305,0.06566331859657162,0.0,0.0,0.0
128,training,0.0024104463,0.07469377480447292,0.06872824703528102,0.0,0.0,0.0
129,training,0.028691573,0.09506376832723618,0.06872824703528102,0.0,0.0,0.0
130,training,0.0025789873,0.10960566718131304,0.06872824703528102,0.0,0.0,0.0
131,training,0.005472079,0.03540658205747606,0.06872824703528102,0.0,0.0,0.0
132,training,0.0037796316,0.005293726921081529,0.06872824703528102,0.0,0.0,0.0
133,training,0.0028988232,0.06450984254479408,0.06872824703528102,0.0,0.0,0.0
134,training,0.0028796238,0.016177713871002197,0.06872824703528102,0.0,0.0,0.0
135,training,0.0013238586,0.02561238035559653,0.06800591649215326,0.0,0.0,0.0
136,training,0.00020126915,0.06737832725048064,0.06800591649215326,0.0,0.0,0.0
137,training,0.0004624345,0.02136364020407199,0.06800591649215326,0.0,0.0,0.0
138,training,0.008739475,0.007453609257936471,0.06800591649215326,0.0,0.0,0.0
139,training,0.007957378,0.028272727504372597,0.06800591649215326,0.0,0.0,0.0
140,training,0.0011463263,0.03973970003426075,0.06800591649215326,0.0,0.0,0.0
141,training,0.00072914385,0.03129392210394144,0.060937022155963715,0.0,0.0,0.0
142,training,0.0062200185,0.07480554655194283,0.060937022155963715,0.0,0.0,0.0
143,training,0.0042700027,0.044953128322958946,0.060937022155963715,0.0,0.0,0.0
144,training,0.0015182631,0.023013385012745857,0.060937022155963715,0.0,0.0,0.0
145,training,0.0039785905,0.0037983786314725876,0.060937022155963715,0.0,0.0,0.0
146,training,0.0022380727,0.041560595855116844,0.04138074021544688,0.0,0.0,0.0
147,training,0.00087894406,0.1082830186933279,0.04138074021544688,0.0,0.0,0.0
148,training,0.004233807,0.0914924144744873,0.04138074021544688,0.0,0.0,0.0
149,training,0.00090339326,0.07727454602718353,0.04138074021544688,0.0,0.0,0.0
150,training,0.0036418198,0.039583987556397915,0.04138074021544688,0.0,0.0,0.0
151,training,0.0025429672,0.0453851418569684,0.04138074021544688,0.0,0.0,0.0
152,training,0.007603858,0.051008837297558784,0.027576397974407488,0.0,0.0,0.0
153,training,0.0008598573,0.04926525987684727,0.027576397974407488,0.0,0.0,0.0
154,training,0.0036997553,0.08060294389724731,0.027576397974407488,0.0,0.0,0.0
155,training,0.0073501384,0.09716486558318138,0.027576397974407488,0.0,0.0,0.0
156,training,0.0012995854,0.12427892908453941,0.027576397974407488,0.0,0.0,0.0
157,training,0.0026852745,0.13833993673324585,0.027576397974407488,0.0,0.0,0.0
158,training,0.0021159463,0.10235419869422913,0.029917378927225232,0.0,0.0,0.0
159,training,0.002895696,0.038469795137643814,0.029917378927225232,0.0,0.0,0.0
160,training,0.001168012,0.010199844837188735,0.029917378927225232,0.0,0.0,0.0
161,training,0.0031281887,0.01773180067539215,0.029917378927225232,0.0,0.0,0.0
162,training,0.0028206883,0.022862490266561494,0.029917378927225232,0.0,0.0,0.0
163,training,0.0028342602,0.056830115616321564,0.029917378927225232,0.0,0.0,0.0
164,training,0.0019249311,0.058038897812366486,0.041292642331388144,0.0,0.0,0.0
165,training,0.0040499116,0.07645347435027361,0.041292642331388144,0.0,0.0,0.0
166,training,0.004145343,0.03284140955656767,0.041292642331388144,0.0,0.0,0.0
167,training,0.0029044766,0.06653973273932934,0.041292642331388144,0.0,0.0,0.0
168,training,0.00034652272,0.0271439328789711,0.041292642331388144,0.0,0.0,0.0
169,training,0.0059628068,0.02177470549941063,0.02802865168698729,0.0,0.0,0.0
170,training,0.0020449536,0.032544445246458054,0.02802865168698729,0.0,0.0,0.0
171,training,0.032750558,0.03303980268537998,0.02802865168698729,0.0,0.0,0.0
172,training,0.0033962827,0.022257264703512192,0.02802865168698729,0.0,0.0,0.0
173,training,0.0007003107,0.0645074686035514,0.02802865168698729,0.0,0.0,0.0
174,training,0.0035364535,0.09891526401042938,0.02802865168698729,0.0,0.0,0.0
175,training,0.0024539363,0.07751436904072762,0.02802865168698729,0.0,0.0,0.0
176,training,0.0005029471,0.02664993703365326,0.014818726627610695,0.0,0.0,0.0
177,training,0.0068562115,0.010658234357833862,0.014818726627610695,0.0,0.0,0.0
178,training,0.0056128027,0.02293166145682335,0.014818726627610695,0.0,0.0,0.0
179,training,0.0031673005,0.00510780513286592,0.014818726627610695,0.0,0.0,0.0
180,training,0.0013157706,0.016696009784936905,0.014818726627610695,0.0,0.0,0.0
181,training,0.0036068582,0.038960669189691544,0.0034077468849601452,0.0,0.0,0.0
182,training,0.028833076,0.034473907202482224,0.0034077468849601452,0.0,0.0,0.0
183,training,0.0017634155,0.01848294027149678,0.0034077468849601452,0.0,0.0,0.0
184,training,0.0011813224,0.02485298365354538,0.0034077468849601452,0.0,0.0,0.0
185,training,0.0034808717,0.06563432328402996,0.0034077468849601452,0.0,0.0,0.0
186,training,0.0034299674,0.08717462606728077,0.00360567748286577,0.0,0.0,0.0
187,training,0.0009909936,0.04988996603060514,0.00360567748286577,0.0,0.0,0.0
188,training,0.0015444397,0.014295571600086987,0.00360567748286577,0.0,0.0,0.0
189,training,0.009459246,0.015238698571920395,0.00360567748286577,0.0,0.0,0.0
190,training,0.001580983,0.06944224890321493,0.00360567748286577,0.0,0.0,0.0
191,training,0.0041911188,0.12421502359211445,0.00360567748286577,0.0,0.0,0.0
192,training,0.0021346454,0.07141301408410072,0.00360567748286577,0.0,0.0,0.0
193,training,0.008841544,0.031024914467707276,0.019752264303584104,0.0,0.0,0.0
194,training,0.024810433,0.04562299419194459,0.019752264303584104,0.0,0.0,0.0
195,training,0.0010259412,0.022560324519872672,0.019752264303584104,0.0,0.0,0.0
196,training,0.000718341,0.06545993965119123,0.019752264303584104,0.0,0.0,0.0
197,training,0.00064314296,0.07685906998813152,0.03550058853408555,0.0,0.0,0.0
198,training,0.0008105622,0.05888690985739231,0.03550058853408555,0.0,0.0,0.0
199,training,0.0008827544,0.029332172125577927,0.03550058853408555,0.0,0.0,0.0
200,training,0.002775738,0.049124181270599365,0.03550058853408555,0.0,0.0,0.0
201,training,0.0026347376,0.05907774716615677,0.03550058853408555,0.0,0.0,0.0
202,training,0.0015953288,0.0675032390281558,0.04437111681764333,0.0,0.0,0.0
203,training,0.0041688494,0.10045843943953514,0.04437111681764333,0.0,0.0,0.0
204,training,0.0031548913,0.08407217264175415,0.04437111681764333,0.0,0.0,0.0
205,training,0.003678561,0.022610962390899658,0.04437111681764333,0.0,0.0,0.0
206,training,0.0013142955,0.004847578704357147,0.04437111681764333,0.0,0.0,0.0
207,training,0.0026652585,0.04503599740564822,0.04437111681764333,0.0,0.0,0.0
208,training,0.0045884657,0.08310699462890625,0.04437111681764333,0.0,0.0,0.0
209,training,0.010027914,0.08362786285579205,0.051977585292379,0.0,0.0,0.0
210,training,0.0004043373,0.11024098936468364,0.051977585292379,0.0,0.0,0.0
211,training,0.005247181,0.10138880275189877,0.051977585292379,0.0,0.0,0.0
212,training,0.0015880902,0.06673111207783222,0.051977585292379,0.0,0.0,0.0
213,training,0.002871646,0.07202217308804393,0.051977585292379,0.0,0.0,0.0
214,training,0.0026749675,0.12119106040336192,0.051977585292379,0.0,0.0,0.0
215,training,0.001991164,0.11734296102076767,0.054198224103298324,0.0,0.0,0.0
216,training,0.00091228314,0.1277567083016038,0.054198224103298324,0.0,0.0,0.0
217,training,0.0014655688,0.074441080680117,0.054198224103298324,0.0,0.0,0.0
218,training,0.0034755305,0.08819643035531044,0.054198224103298324,0.0,0.0,0.0
219,training,0.00078635255,0.10102344863116741,0.054198224103298324,0.0,0.0,0.0
220,training,0.001239435,0.10979684349149466,0.054198224103298324,0.0,0.0,0.0
221,training,0.005030647,0.10705720167607069,0.058076182496813344,0.0,0.0,0.0
222,training,0.0032529985,0.0701613575220108,0.058076182496813344,0.0,0.0,0.0
223,training,0.0005502302,0.13708078674972057,0.058076182496813344,0.0,0.0,0.0
224,training,0.007818572,0.13792329281568527,0.058076182496813344,0.0,0.0,0.0
225,training,0.01929729,0.12303965841419995,0.058076182496813344,0.0,0.0,0.0
226,training,0.007847548,0.08589533716440202,0.058076182496813344,0.0,0.0,0.0
227,training,0.0011874125,0.08621070906519888,0.05879388534283596,0.0,0.0,0.0
228,training,0.0015484579,0.08240708895027637,0.05879388534283596,0.0,0.0,0.0
229,training,0.0022958315,0.10257939947769046,0.05879388534283596,0.0,0.0,0.0
230,training,0.001843259,0.05069861467927695,0.05879388534283596,0.0,0.0,0.0
231,training,0.0066411295,0.07257936010137199,0.06745221210489204,0.0,0.0,0.0
232,training,0.004195121,0.08182455785572529,0.06745221210489204,0.0,0.0,0.0
233,training,0.0038417447,0.0654608418699354,0.06745221210489204,0.0,0.0,0.0
234,training,0.0019219546,0.03944678232073784,0.06745221210489204,0.0,0.0,0.0
235,training,0.0020981953,0.012319281697273254,0.06745221210489204,0.0,0.0,0.0
236,training,0.0014946287,0.09383129142224789,0.06745221210489204,0.0,0.0,0.0
237,training,0.0060470807,0.07644398324191572,0.06745221210489204,0.0,0.0,0.0
238,training,0.001474363,0.09737823158502579,0.07211515122395057,0.0,0.0,0.0
239,training,0.0012585167,0.06587095558643341,0.07211515122395057,0.0,0.0,0.0
240,training,0.0030477713,0.010589733719825738,0.07211515122395057,0.0,0.0,0.0
241,training,0.0038919128,0.000418294221162796,0.07211515122395057,0.0,0.0,0.0
242,training,0.005678143,0.07571541890501976,0.07211515122395057,0.0,0.0,0.0
243,training,0.0037366478,0.11773646809160711,0.06519366925589624,0.0,0.0,0.0
244,training,0.0074777165,0.10645921528339386,0.06519366925589624,0.0,0.0,0.0
245,training,0.027477358,0.07183472812175751,0.06519366925589624,0.0,0.0,0.0
246,training,0.004411306,0.01728842779994011,0.06519366925589624,0.0,0.0,0.0
247,training,0.007140156,0.018717322498559952,0.06519366925589624,0.0,0.0,0.0
248,training,0.0011324069,0.007740250788629055,0.06519366925589624,0.0,0.0,0.0
249,training,0.0017966143,0.02866007387638092,0.06259938400424982,0.0,0.0,0.0
250,training,0.02499001,0.004064246080815792,0.06259938400424982,0.0,0.0,0.0
251,training,0.0041348157,0.027421412989497185,0.06259938400424982,0.0,0.0,0.0
252,training,0.0015248535,0.0472591370344162,0.06259938400424982,0.0,0.0,0.0
253,training,0.0016644519,0.008634287863969803,0.016453296286230643,0.0,0.0,0.0
254,training,0.0015631196,0.10331610590219498,0.016453296286230643,0.0,0.0,0.0
255,training,0.002436288,0.0807921290397644,0.016453296286230643,0.0,0.0,0.0
256,training,0.0025417793,0.029461992904543877,0.016453296286230643,0.0,0.0,0.0
257,training,0.0035635408,0.03539300151169301,0.016453296286230643,0.0,0.0,0.0
258,training,0.0033952186,0.03847184404730797,0.016453296286230643,0.0,0.0,0.0
259,training,0.0010124156,0.03696193732321262,0.016453296286230643,0.0,0.0,0.0
260,training,0.0004530889,0.024610091000795364,0.017674080142365756,0.0,0.0,0.0
261,training,0.002400734,0.03129100985825062,0.017674080142365756,0.0,0.0,0.0
262,training,0.001155179,0.02104351855814457,0.017674080142365756,0.0,0.0,0.0
263,training,0.0017442955,0.015444083139300346,0.017674080142365756,0.0,0.0,0.0
264,training,0.033999305,0.00019830092787742615,0.017674080142365756,0.0,0.0,0.0
265,training,0.007289272,0.016956865787506104,0.017674080142365756,0.0,0.0,0.0
266,training,0.004866398,0.0701559279114008,0.02534667768609581,0.0,0.0,0.0
267,training,0.0027071615,0.09335887990891933,0.02534667768609581,0.0,0.0,0.0
268,training,0.0026950531,0.021837319247424603,0.02534667768609581,0.0,0.0,0.0
269,training,0.0031513814,0.03840239532291889,0.02534667768609581,0.0,0.0,0.0
270,training,0.0020041806,0.061974670737981796,0.02534667768609581,0.0,0.0,0.0
271,training,0.0015200127,0.005730085074901574,0.028363052486179395,0.0,0.0,0.0
272,training,0.002759094,0.0621238574385643,0.028363052486179395,0.0,0.0,0.0
273,training,0.0022261739,0.05695414915680885,0.028363052486179395,0.0,0.0,0.0
274,training,0.0010727678,0.0025506303645670414,0.028363052486179395,0.0,0.0,0.0
275,training,0.0008593303,0.004397895536385477,0.028363052486179395,0.0,0.0,0.0
276,training,0.0023257919,0.0069655682891607285,0.028363052486179395,0.0,0.0,0.0
277,training,0.011376986,0.03701072186231613,0.028363052486179395,0.0,0.0,0.0
278,training,0.0007340171,0.048925636743661016,0.009795215074604681,0.0,0.0,0.0
279,training,0.032405432,0.011128029262181371,0.009795215074604681,0.0,0.0,0.0
280,training,0.0015670494,0.06606017798185349,0.009795215074604681,0.0,0.0,0.0
281,training,0.0014790217,0.024701916612684727,0.009795215074604681,0.0,0.0,0.0
282,training,0.0005202342,0.024880672805011272,0.009795215074604681,0.0,0.0,0.0
283,training,0.00319072,0.08873756229877472,0.007836356007930909,0.0,0.0,0.0
284,training,0.0004797668,0.07115625240840018,0.007836356007930909,0.0,0.0,0.0
285,training,0.0014821553,0.011019168421626088,0.007836356007930909,0.0,0.0,0.0
286,training,0.0019086588,0.0072020539082586765,0.007836356007930909,0.0,0.0,0.0
287,training,0.0014511404,0.02782322559505701,0.007836356007930909,0.0,0.0,0.0
288,training,0.001521711,0.013437695801258087,0.007836356007930909,0.0,0.0,0.0
289,training,0.0015016655,0.013881769962608814,0.007486686602730219,0.0,0.0,0.0
290,training,0.0035047915,0.03988961037248373,0.007486686602730219,0.0,0.0,0.0
291,training,0.0014486776,0.011883260682225227,0.007486686602730219,0.0,0.0,0.0
292,training,0.0071827173,0.0325289536267519,0.007486686602730219,0.0,0.0,0.0
293,training,0.0013081888,0.0062421688344329596,0.007486686602730219,0.0,0.0,0.0
294,training,0.0011960603,0.060947496676817536,0.007486686602730219,0.0,0.0,0.0
295,training,0.004605566,0.03830757364630699,0.01648100534931023,0.0,0.0,0.0
296,training,0.0004894975,0.01283695362508297,0.01648100534931023,0.0,0.0,0.0
297,training,0.004517761,0.04272840358316898,0.01648100534931023,0.0,0.0,0.0
298,training,0.018129349,0.01130266534164548,0.01648100534931023,0.0,0.0,0.0
299,training,0.00028235116,0.039989232434891164,0.01648100534931023,0.0,0.0,0.0
300,training,0.024407055,0.07185667240992188,0.01648100534931023,0.0,0.0,0.0
301,training,0.0017678814,0.012295099906623363,0.01648100534931023,0.0,0.0,0.0
302,training,0.0036530644,0.0069105420261621475,0.0112764844826586,0.0,0.0,0.0
303,training,0.0010009736,0.08256600238382816,0.0112764844826586,0.0,0.0,0.0
304,training,0.0037171228,0.10935485549271107,0.0112764844826586,0.0,0.0,0.0
305,training,0.002152919,0.06928212195634842,0.0112764844826586,0.0,0.0,0.0
306,training,0.0018535769,0.018925319891422984,0.0112764844826586,0.0,0.0,0.0
307,training,0.003107786,0.027863571420311935,0.0017598795349768243,0.0,0.0,0.0
308,training,0.0002071391,0.08386937156319618,0.0017598795349768243,0.0,0.0,0.0
309,training,0.0027200968,0.07139951921999454,0.0017598795349768243,0.0,0.0,0.0
310,training,0.014366557,0.02251713909208774,0.0017598795349768243,0.0,0.0,0.0
311,training,0.0022549266,0.04476219415664673,0.0017598795349768243,0.0,0.0,0.0
312,training,0.00290452,0.00327487103641033,0.0017598795349768243,0.0,0.0,0.0
313,training,0.0069845803,0.08435047790408134,0.008644653747842955,0.0,0.0,0.0
314,training,0.002000791,0.008755136746913195,0.008644653747842955,0.0,0.0,0.0
315,training,0.0017469549,0.015766579192131758,0.008644653747842955,0.0,0.0,0.0
316,training,0.0010227427,0.023195027839392424,0.008644653747842955,0.0,0.0,0.0
317,training,0.0065520187,0.025281383655965325,0.008644653747842955,0.0,0.0,0.0
318,training,0.0018759262,0.05546380067244172,0.015236861916649637,0.0,0.0,0.0
319,training,0.0015826412,0.06867077387869358,0.015236861916649637,0.0,0.0,0.0
320,training,0.001117928,0.07369138300418854,0.015236861916649637,0.0,0.0,0.0
321,training,0.0014213892,0.02380036935210228,0.015236861916649637,0.0,0.0,0.0
322,training,0.0015570442,0.0010294411331415142,0.015236861916649637,0.0,0.0,0.0
323,training,0.0009837787,0.018614815548062325,0.015236861916649637,0.0,0.0,0.0
324,training,0.0015747657,0.019796200096607215,0.01853131719523563,0.0,0.0,0.0
325,training,0.0014628277,0.01935594156384468,0.01853131719523563,0.0,0.0,0.0
326,training,0.0068064006,0.006803743541240692,0.01853131719523563,0.0,0.0,0.0
327,training,0.0011676329,0.026298684999346726,0.01853131719523563,0.0,0.0,0.0
328,training,0.0006689132,0.04824667749926448,0.01853131719523563,0.0,0.0,0.0
329,training,0.0026565837,0.0818553939461708,0.01853131719523563,0.0,0.0,0.0
330,training,0.0027854787,0.031982917338609695,0.028391894230190225,0.0,0.0,0.0
331,training,0.0029744646,0.03709417209029198,0.028391894230190225,0.0,0.0,0.0
332,training,0.0013064477,0.03932936117053032,0.028391894230190225,0.0,0.0,0.0
333,training,0.000984377,0.047599490731954575,0.028391894230190225,0.0,0.0,0.0
334,training,0.0017824259,0.022078149020671844,0.028391894230190225,0.0,0.0,0.0
335,training,0.0027099242,0.03453526645898819,0.028391894230190225,0.0,0.0,0.0
336,training,0.00042052096,0.08473727479577065,0.028750532153045922,0.0,0.0,0.0
337,training,0.0009601278,0.07600372470915318,0.028750532153045922,0.0,0.0,0.0
338,training,0.0006859508,0.0590533409267664,0.028750532153045922,0.0,0.0,0.0
339,training,0.0009117512,0.038161862641572966,0.028750532153045922,0.0,0.0,0.0
340,training,0.0014122708,0.04857340827584267,0.028750532153045922,0.0,0.0,0.0
341,training,0.00061561965,0.07140124868601559,0.02802166851024446,0.0,0.0,0.0
342,training,0.00093890296,0.07655489351600409,0.02802166851024446,0.0,0.0,0.0
343,training,0.00022690381,0.044119589030742645,0.02802166851024446,0.0,0.0,0.0
344,training,0.004371683,0.043183811008930206,0.02802166851024446,0.0,0.0,0.0
345,training,0.003095901,0.07170386705547571,0.02802166851024446,0.0,0.0,0.0
346,training,0.004099842,0.08931080810725689,0.033582903673917,0.0,0.0,0.0
347,training,0.0009943056,0.08492448180913925,0.033582903673917,0.0,0.0,0.0
348,training,0.02942172,0.07491349056363106,0.033582903673917,0.0,0.0,0.0
349,training,0.0026866952,0.07982300408184528,0.033582903673917,0.0,0.0,0.0
350,training,0.00055378914,0.1059129051864147,0.033582903673917,0.0,0.0,0.0
351,training,0.0023648138,0.11304263770580292,0.033582903673917,0.0,0.0,0.0
352,training,0.002420763,0.10274429991841316,0.040619390734591795,0.0,0.0,0.0
353,training,0.00086260197,0.0609278567135334,0.040619390734591795,0.0,0.0,0.0
354,training,0.0008446199,0.03808717429637909,0.040619390734591795,0.0,0.0,0.0
355,training,0.0006714287,0.04648481821641326,0.040619390734591795,0.0,0.0,0.0
356,training,0.0010383554,0.10486007714644074,0.040619390734591795,0.0,0.0,0.0
357,training,0.0033868034,0.07981677167117596,0.040619390734591795,0.0,0.0,0.0
358,training,0.0031484237,0.07430221140384674,0.040619390734591795,0.0,0.0,0.0
359,training,0.0024798117,0.0746787711977959,0.05533501776624808,0.0,0.0,0.0
360,training,0.0011866931,0.08996644616127014,0.05533501776624808,0.0,0.0,0.0
361,training,0.00744514,0.004329666495323181,0.05533501776624808,0.0,0.0,0.0
362,training,0.0031243225,0.004341870546340942,0.05533501776624808,0.0,0.0,0.0
363,training,0.0027888292,0.04401140566915274,0.05533501776624808,0.0,0.0,0.0
364,training,0.0035396758,0.04852304421365262,0.05533501776624808,0.0,0.0,0.0
365,training,0.0012972462,0.06561109609901905,0.05893095673158868,0.0,0.0,0.0
366,training,0.0013196669,0.07535026594996452,0.05893095673158868,0.0,0.0,0.0
367,training,0.006700852,0.03638072172179819,0.05893095673158868,0.0,0.0,0.0
368,training,0.0010354532,0.00025292858481407166,0.05893095673158868,0.0,0.0,0.0
369,training,0.0014505979,0.00030943751335144043,0.05893095673158868,0.0,0.0,0.0
370,training,0.0005664133,0.016727687790989876,0.05893095673158868,0.0,0.0,0.0
371,training,0.00077443605,0.007019401527941225,0.04768560542746111,0.0,0.0,0.0
372,training,0.0011005531,0.01940588024444878,0.04768560542746111,0.0,0.0,0.0
373,training,0.0009245976,0.03008696297183633,0.04768560542746111,0.0,0.0,0.0
374,training,0.00025340944,0.00809691846370697,0.04768560542746111,0.0,0.0,0.0
375,training,0.0013444178,8.467212319374084e-05,0.04768560542746111,0.0,0.0,0.0
376,training,0.006371986,0.018427670001983643,0.04768560542746111,0.0,0.0,0.0
377,training,0.0008554508,0.01812759879976511,0.019105527404548153,0.0,0.0,0.0
378,training,0.0016584224,0.008422886952757839,0.019105527404548153,0.0,0.0,0.0
379,training,0.0012620459,0.013744641095399857,0.019105527404548153,0.0,0.0,0.0
380,training,0.008322856,0.005649954080581665,0.019105527404548153,0.0,0.0,0.0
381,training,0.0010841257,2.1357089281082153e-05,0.019105527404548153,0.0,0.0,0.0
382,training,0.002165222,0.017442677170038223,0.012631247220649401,0.0,0.0,0.0
383,training,0.003312946,0.029627795331180096,0.012631247220649401,0.0,0.0,0.0
384,training,0.0010993317,0.014942430425435305,0.012631247220649401,0.0,0.0,0.0
385,training,0.008500785,0.00011020153760909687,0.012631247220649401,0.0,0.0,0.0
386,training,0.011473625,0.009748863987624647,0.012631247220649401,0.0,0.0,0.0
387,training,0.0008315817,0.012060621287673712,0.012631247220649401,0.0,0.0,0.0
388,training,0.0033785792,0.0376542704179883,0.012631247220649401,0.0,0.0,0.0
389,training,0.0015412034,0.0662528108805418,0.007328969433770567,0.0,0.0,0.0
390,training,0.0018185676,0.04936815798282623,0.007328969433770567,0.0,0.0,0.0
391,training,0.011383665,0.02358763758093119,0.007328969433770567,0.0,0.0,0.0
392,training,0.0023695054,0.009207753464579582,0.007328969433770567,0.0,0.0,0.0
393,training,0.00087978377,0.007101163268089294,0.007328969433770567,0.0,0.0,0.0
394,training,0.0027797814,0.04294826369732618,0.0011446018876962731,0.0,0.0,0.0
395,training,0.0014324103,0.04462570231407881,0.0011446018876962731,0.0,0.0,0.0
396,training,0.0007171462,0.031382860615849495,0.0011446018876962731,0.0,0.0,0.0
397,training,0.0014192938,0.01909002335742116,0.0011446018876962731,0.0,0.0,0.0
398,training,0.0020029875,0.01865474693477154,0.0011446018876962731,0.0,0.0,0.0
399,training,0.0016776382,0.040374002419412136,0.015797557616944163,0.0,0.0,0.0
400,training,0.005884706,0.05814031884074211,0.015797557616944163,0.0,0.0,0.0
401,training,0.0063682343,0.048429174348711974,0.015797557616944163,0.0,0.0,0.0
402,training,0.0009240118,0.0045281834900379216,0.015797557616944163,0.0,0.0,0.0
403,training,0.0019837786,0.02256859838962555,0.015797557616944163,0.0,0.0,0.0
404,training,0.0023012408,0.04988989885896444,0.015797557616944163,0.0,0.0,0.0
405,training,0.00228179,0.05966062378138304,0.014864716847846435,0.0,0.0,0.0
406,training,0.0006555643,0.02686465159058571,0.014864716847846435,0.0,0.0,0.0
407,training,0.003551626,0.017155723646283157,0.014864716847846435,0.0,0.0,0.0
408,training,0.00061032514,0.036893905606120825,0.014864716847846435,0.0,0.0,0.0
409,training,0.0018015092,0.057149896398186684,0.014864716847846435,0.0,0.0,0.0
410,training,0.0006468885,0.04816272482275963,0.014864716847846435,0.0,0.0,0.0
411,training,0.0007493265,0.04722997173666954,0.014864716847846435,0.0,0.0,0.0
412,training,0.00077116664,0.03810070035979152,0.020839772732840527,0.0,0.0,0.0
413,training,0.0011914272,0.040009611286222935,0.020839772732840527,0.0,0.0,0.0
414,training,0.0012982194,0.06094189174473285,0.020839772732840527,0.0,0.0,0.0
415,training,0.0009360232,0.049012985080480576,0.020839772732840527,0.0,0.0,0.0
416,training,0.0011104702,0.04876822791993618,0.023534172052916604,0.0,0.0,0.0
417,training,0.008037451,0.034258706495165825,0.023534172052916604,0.0,0.0,0.0
418,training,0.002237224,0.028046660125255585,0.023534172052916604,0.0,0.0,0.0
419,training,0.001113034,0.05388360936194658,0.023534172052916604,0.0,0.0,0.0
420,training,0.0015830629,0.06796101853251457,0.023534172052916604,0.0,0.0,0.0
421,training,0.001591072,0.03986788913607598,0.023534172052916604,0.0,0.0,0.0
422,training,0.0005643642,0.019437609240412712,0.027061759898491813,0.0,0.0,0.0
423,training,0.00087514287,0.06296093203127384,0.027061759898491813,0.0,0.0,0.0
424,training,0.0029474648,0.026588832028210163,0.027061759898491813,0.0,0.0,0.0
425,training,0.0010057843,0.00245083961635828,0.027061759898491813,0.0,0.0,0.0
426,training,0.00047220837,0.005480099469423294,0.027061759898491813,0.0,0.0,0.0
427,training,0.001882893,0.0027340687811374664,0.027061759898491813,0.0,0.0,0.0
428,training,0.0006306014,0.028305743355304003,0.027061759898491813,0.0,0.0,0.0
429,training,0.0014822655,0.018879283219575882,0.030428715303732708,0.0,0.0,0.0
430,training,0.00065487716,0.0015506884083151817,0.030428715303732708,0.0,0.0,0.0
431,training,0.004198971,0.03643687814474106,0.030428715303732708,0.0,0.0,0.0
432,training,0.0009369306,0.03123466344550252,0.030428715303732708,0.0,0.0,0.0
433,training,0.0033501324,0.001702023670077324,0.030428715303732708,0.0,0.0,0.0
434,training,0.00067071157,0.012561406940221786,0.03332963750895738,0.0,0.0,0.0
435,training,0.0017521618,0.0029212478548288345,0.03332963750895738,0.0,0.0,0.0
436,training,0.0017761008,0.023393261712044477,0.03332963750895738,0.0,0.0,0.0
437,training,0.0017107505,0.029484312515705824,0.03332963750895738,0.0,0.0,0.0
438,training,0.00082660856,0.02097019925713539,0.024066703668183254,0.0,0.0,0.0
439,training,0.00083564845,0.015145372133702043,0.024066703668183254,0.0,0.0,0.0
440,training,0.00029049255,0.016407498624175787,0.024066703668183254,0.0,0.0,0.0
441,training,0.0011822135,0.024694861844182014,0.024066703668183254,0.0,0.0,0.0
442,training,0.0015711841,0.023812872357666492,0.024066703668183254,0.0,0.0,0.0
443,training,0.00053420046,0.011803450994193552,0.024066703668183254,0.0,0.0,0.0
444,training,0.008123587,0.010925981216132639,0.024066703668183254,0.0,0.0,0.0
445,training,0.0006971981,0.042031874880194664,0.013886945150255478,0.0,0.0,0.0
446,training,0.0032576765,0.07142659835517406,0.013886945150255478,0.0,0.0,0.0
447,training,0.00015877243,0.017870361916720867,0.013886945150255478,0.0,0.0,0.0
448,training,0.0029480332,0.0030745388939976692,0.013886945150255478,0.0,0.0,0.0
449,training,0.000747417,0.040345299988985055,0.013886945150255478,0.0,0.0,0.0
450,training,0.0005999054,0.047842931002378464,0.009542316467604693,0.0,0.0,0.0
451,training,0.0010454541,0.04433940816670656,0.009542316467604693,0.0,0.0,0.0
452,training,0.0015182155,0.04227621387690306,0.009542316467604693,0.0,0.0,0.0
453,training,0.0010006753,0.06637858226895332,0.009542316467604693,0.0,0.0,0.0
454,training,0.00087973056,0.04906491097062826,0.009542316467604693,0.0,0.0,0.0
455,training,0.0017350771,0.04624896636232733,0.0026048925129544876,0.0,0.0,0.0
456,training,0.00084847305,0.05431166011840105,0.0026048925129544876,0.0,0.0,0.0
457,training,0.0006317928,0.044064829126000404,0.0026048925129544876,0.0,0.0,0.0
458,training,0.0010856237,0.04168708715587854,0.0026048925129544876,0.0,0.0,0.0
459,training,0.00039295977,0.0385108832269907,0.0026048925129544876,0.0,0.0,0.0
460,training,0.0007930796,0.029736291617155075,0.01126528662082874,0.0,0.0,0.0
461,training,0.0015523491,0.03919743001461029,0.01126528662082874,0.0,0.0,0.0
462,training,0.0028162436,0.08205566368997097,0.01126528662082874,0.0,0.0,0.0
463,training,0.0043308316,0.07960609532892704,0.01126528662082874,0.0,0.0,0.0
464,training,0.0006813513,0.032151941210031516,0.01126528662082874,0.0,0.0,0.0
465,training,0.00097102986,0.011275127530097961,0.013520173149585412,0.0,0.0,0.0
466,training,0.020582644,0.024796564131975188,0.013520173149585412,0.0,0.0,0.0
467,training,0.0007017968,0.08599990792572498,0.013520173149585412,0.0,0.0,0.0
468,training,0.0011834156,0.09833853319287301,0.013520173149585412,0.0,0.0,0.0
469,training,0.00084669405,0.11572375893592834,0.013520173149585412,0.0,0.0,0.0
470,training,0.0005671001,0.11320743709802628,0.013520173149585412,0.0,0.0,0.0
471,training,0.0032049003,0.013611695729196072,0.023449641919803022,0.0,0.0,0.0
472,training,0.003316621,0.030581332743167877,0.023449641919803022,0.0,0.0,0.0
473,training,0.00025396742,0.003254955168813467,0.023449641919803022,0.0,0.0,0.0
474,training,0.016507082,0.033239878714084625,0.023449641919803022,0.0,0.0,0.0
475,training,0.0010851449,0.05417152866721153,0.023449641919803022,0.0,0.0,0.0
476,training,0.0011987083,0.052545674610883,0.020865576153073082,0.0,0.0,0.0
477,training,0.0008359083,0.09213890321552753,0.020865576153073082,0.0,0.0,0.0
478,training,0.0024370477,0.07222749292850494,0.020865576153073082,0.0,0.0,0.0
479,training,0.0025939872,0.0034039653837680747,0.020865576153073082,0.0,0.0,0.0
480,training,0.00502053,0.03464471735060216,0.020865576153073082,0.0,0.0,0.0
481,training,0.00022360157,0.11024315282702446,0.020865576153073082,0.0,0.0,0.0
482,training,0.0032881652,0.14615706354379654,0.030418867420256113,0.0,0.0,0.0
483,training,0.00073598523,0.08827777579426765,0.030418867420256113,0.0,0.0,0.0
484,training,0.002314608,0.015527889132499695,0.030418867420256113,0.0,0.0,0.0
485,training,0.0033724653,0.047887500375509276,0.030418867420256113,0.0,0.0,0.0
486,training,0.004459323,0.07178396638482808,0.030418867420256113,0.0,0.0,0.0
487,training,0.001324703,0.08397583151236176,0.030418867420256113,0.0,0.0,0.0
488,training,0.0013449176,0.03871420398354529,0.048549945557289836,0.0,0.0,0.0
489,training,0.0055247364,0.01136818528175354,0.048549945557289836,0.0,0.0,0.0
490,training,0.0038367433,0.03226934373378752,0.048549945557289836,0.0,0.0,0.0
491,training,0.0032028242,0.0986284799873829,0.048549945557289836,0.0,0.0,0.0
492,training,0.002120627,0.07621744088828564,0.048549945557289836,0.0,0.0,0.0
493,training,0.0015766164,0.05272643826901913,0.05941096353720675,0.0,0.0,0.0
494,training,0.0007659568,0.09553271159529686,0.05941096353720675,0.0,0.0,0.0
495,training,0.0008493347,0.11602917686104774,0.05941096353720675,0.0,0.0,0.0
496,training,0.0019716602,0.10498330742120743,0.05941096353720675,0.0,0.0,0.0
497,training,0.00061178626,0.15711434930562973,0.05941096353720675,0.0,0.0,0.0
498,training,0.0010081725,0.15392950177192688,0.05941096353720675,0.0,0.0,0.0
499,training,0.0013282492,0.12623395025730133,0.06082127553687577,0.0,0.0,0.0
500,training,0.0010245926,0.13719657436013225,0.06082127553687577,0.0,0.0,0.0
501,training,0.00024386148,0.15047419071197507,0.06082127553687577,0.0,0.0,0.0
502,training,0.0016884889,0.18169913440942762,0.06082127553687577,0.0,0.0,0.0
503,training,0.00048900576,0.16488713026046756,0.06082127553687577,0.0,0.0,0.0
504,training,0.00063219276,0.1835900545120239,0.06082127553687577,0.0,0.0,0.0
505,training,0.0007894526,0.1828356422483921,0.06461947361467396,0.0,0.0,0.0
506,training,0.00061656575,0.17243929393589497,0.06461947361467396,0.0,0.0,0.0
507,training,0.0003833713,0.18258377211168408,0.06461947361467396,0.0,0.0,0.0
508,training,0.0015689183,0.19825360551476479,0.06461947361467396,0.0,0.0,0.0
509,training,0.002075574,0.1824001758359373,0.06461947361467396,0.0,0.0,0.0
510,training,0.00037966797,0.18360284063965082,0.06461947361467396,0.0,0.0,0.0
511,training,0.00055468857,0.19873663410544395,0.07894829114322767,0.0,0.0,0.0
512,training,0.0037267366,0.21453540213406086,0.07894829114322767,0.0,0.0,0.0
513,training,0.0004105331,0.20007766038179395,0.07894829114322767,0.0,0.0,0.0
514,training,0.00073589437,0.22437157854437828,0.07894829114322767,0.0,0.0,0.0
515,training,0.006394841,0.20325363613665104,0.07894829114322767,0.0,0.0,0.0
516,training,0.0008133772,0.17225680872797966,0.07894829114322767,0.0,0.0,0.0
517,training,0.00053770514,0.17473731935024261,0.09499200635999128,0.0,0.0,0.0
518,training,0.0005564712,0.144912913441658,0.09499200635999128,0.0,0.0,0.0
519,training,0.018448418,0.1656948328018189,0.09499200635999128,0.0,0.0,0.0
520,training,0.0009814941,0.16775835305452347,0.09499200635999128,0.0,0.0,0.0
521,training,0.016961906,0.1317661553621292,0.09499200635999128,0.0,0.0,0.0
522,training,0.00040134793,0.1031210832297802,0.12351294623849193,0.0,0.0,0.0
523,training,0.004691658,0.07808467000722885,0.12351294623849193,0.0,0.0,0.0
524,training,0.0019448322,0.0751513913273811,0.12351294623849193,0.0,0.0,0.0
525,training,0.0011718007,0.049916818737983704,0.12351294623849193,0.0,0.0,0.0
526,training,0.0026624114,0.003376677632331848,0.12351294623849193,0.0,0.0,0.0
527,training,0.0003199079,0.04328450188040733,0.1475543109643982,0.0,0.0,0.0
528,training,0.0010381937,0.05800259765237571,0.1475543109643982,0.0,0.0,0.0
529,training,0.0015410308,5.435571074485779e-05,0.1475543109643982,0.0,0.0,0.0
530,training,0.0046558995,0.030474014580249793,0.1475543109643982,0.0,0.0,0.0
531,training,0.0012958213,0.10487984120845795,0.1475543109643982,0.0,0.0,0.0
532,training,0.0018039213,0.12468437477946281,0.1475543109643982,0.0,0.0,0.0
533,training,0.0073689525,0.08903797715902328,0.1148544198636583,0.0,0.0,0.0
534,training,0.0025524946,0.02576374588534236,0.1148544198636583,0.0,0.0,0.0
535,training,0.0009671487,0.028075154870748523,0.1148544198636583,0.0,0.0,0.0
536,training,0.0012489767,0.05207228474318981,0.1148544198636583,0.0,0.0,0.0
537,training,0.0024129646,0.06252812035381794,0.1148544198636583,0.0,0.0,0.0
538,training,0.00060480996,0.02836931869387627,0.06993020489078818,0.0,0.0,0.0
539,training,0.0016721166,0.010492825880646709,0.06993020489078818,0.0,0.0,0.0
540,training,0.0018154928,0.024672978557646275,0.06993020489078818,0.0,0.0,0.0
541,training,0.0010754789,0.029134660959243774,0.06993020489078818,0.0,0.0,0.0
542,training,0.0066985846,0.00888347253203392,0.06993020489078818,0.0,0.0,0.0
543,training,0.010238475,0.04597952216863632,0.06993020489078818,0.0,0.0,0.0
544,training,0.010087926,0.04251744598150253,0.06993020489078818,0.0,0.0,0.0
545,training,0.0028072894,0.05072210170328617,0.04115269231388193,0.0,0.0,0.0
546,training,0.0049604564,0.04531829059123993,0.04115269231388193,0.0,0.0,0.0
547,training,0.0022318875,0.029606323689222336,0.04115269231388193,0.0,0.0,0.0
548,training,0.0036097649,0.013584025204181671,0.04115269231388193,0.0,0.0,0.0
549,training,0.002128151,0.004721894860267639,0.04115269231388193,0.0,0.0,0.0
550,training,0.00086598704,0.006921958178281784,0.04115269231388193,0.0,0.0,0.0
551,training,0.0025142534,0.02064266800880432,0.01541045428993744,0.0,0.0,0.0
552,training,0.0020733331,0.007819015532732017,0.01541045428993744,0.0,0.0,0.0
553,training,0.028191457,0.013227540999650955,0.01541045428993744,0.0,0.0,0.0
554,training,0.0027271213,0.006050676107406616,0.01541045428993744,0.0,0.0,0.0
555,training,0.0011730924,0.04537702538073063,0.01541045428993744,0.0,0.0,0.0
556,training,0.0011781934,0.09299269318580627,0.01541045428993744,0.0,0.0,0.0
557,training,0.0015056622,0.0713755302131176,0.029452327263462096,0.0,0.0,0.0
558,training,0.0022658648,0.05511682480573654,0.029452327263462096,0.0,0.0,0.0
559,training,0.021889394,0.05200878903269768,0.029452327263462096,0.0,0.0,0.0
560,training,0.00291786,0.0748552680015564,0.029452327263462096,0.0,0.0,0.0
561,training,0.0052956156,0.02912791445851326,0.029452327263462096,0.0,0.0,0.0
562,training,0.0006435077,0.0015479363501072,0.029452327263462096,0.0,0.0,0.0
563,training,0.0068843407,0.00794610753655433,0.001652424861326406,0.0,0.0,0.0
564,training,0.033145398,0.032387129962444305,0.001652424861326406,0.0,0.0,0.0
565,training,0.004670884,0.04086226131767034,0.001652424861326406,0.0,0.0,0.0
566,training,0.0023240503,0.013792397454380989,0.001652424861326406,0.0,0.0,0.0
567,training,0.0018431761,0.013997539877891534,0.001652424861326406,0.0,0.0,0.0
568,training,0.001871505,0.020307190716266632,0.03099382299755312,0.0,0.0,0.0
569,training,0.0007013997,0.0454458063468337,0.03099382299755312,0.0,0.0,0.0
570,training,0.0013576798,0.039748918265104294,0.03099382299755312,0.0,0.0,0.0
571,training,0.0007346811,0.01316009089350701,0.03099382299755312,0.0,0.0,0.0
572,training,0.0026027046,0.017252821475267417,0.03099382299755312,0.0,0.0,0.0
573,training,0.005977731,0.03671773523092269,0.03099382299755312,0.0,0.0,0.0
574,training,0.0026599453,0.017118707299232483,0.04760650226688761,0.0,0.0,0.0
575,training,0.0015597683,0.02400372363626957,0.04760650226688761,0.0,0.0,0.0
576,training,0.0014647137,0.06638660468161106,0.04760650226688761,0.0,0.0,0.0
577,training,0.0014397143,0.0665704682469368,0.04760650226688761,0.0,0.0,0.0
578,training,0.001762818,0.0177215076982975,0.04760650226688761,0.0,0.0,0.0
579,training,0.032465972,0.0237105805426836,0.04760650226688761,0.0,0.0,0.0
580,training,0.0018981518,0.03311445005238056,0.04649783416000772,0.0,0.0,0.0
581,training,0.01064673,0.05274607893079519,0.04649783416000772,0.0,0.0,0.0
582,training,0.00095712475,0.007047135615721345,0.04649783416000772,0.0,0.0,0.0
583,training,0.0020673273,0.013731930812355131,0.04649783416000772,0.0,0.0,0.0
584,training,0.0013656067,0.008457180520053953,0.04649783416000772,0.0,0.0,0.0
585,training,0.0017062261,0.007226983085274696,0.04649783416000772,0.0,0.0,0.0
586,training,0.0010725321,0.014099016785621643,0.03009814087397161,0.0,0.0,0.0
587,training,0.0011025423,0.029346279799938202,0.03009814087397161,0.0,0.0,0.0
588,training,0.0004052534,0.004082007333636284,0.03009814087397161,0.0,0.0,0.0
589,training,0.0009272451,0.013548057526350021,0.03009814087397161,0.0,0.0,0.0
590,training,0.0006759238,0.020672803744673725,0.03009814087397161,0.0,0.0,0.0
591,training,0.0011085432,0.0042998939752578735,0.03009814087397161,0.0,0.0,0.0
592,training,0.00049352087,0.002201581373810768,0.025794488722303464,0.0,0.0,0.0
593,training,0.00032435433,0.006498003378510475,0.025794488722303464,0.0,0.0,0.0
594,training,0.0044050543,0.005797054618597031,0.025794488722303464,0.0,0.0,0.0
595,training,0.0008906983,0.020435607992112637,0.025794488722303464,0.0,0.0,0.0
596,training,0.0008142892,0.019964774139225483,0.025794488722303464,0.0,0.0,0.0
597,training,0.00067598664,0.0036242948845028877,0.026239676465657925,0.0,0.0,0.0
598,training,0.0007461243,0.04442120948806405,0.026239676465657925,0.0,0.0,0.0
599,training,0.0018631693,0.04721693601459265,0.026239676465657925,0.0,0.0,0.0
600,training,0.004240676,0.018109871074557304,0.026239676465657925,0.0,0.0,0.0
601,training,0.00078070926,0.016761917155236006,0.026239676465657925,0.0,0.0,0.0
602,training,0.0016814924,0.07256582379341125,0.026239676465657925,0.0,0.0,0.0
603,training,0.028366428,0.060936521738767624,0.021231533999097534,0.0,0.0,0.0
604,training,0.00046556973,0.015120188589207828,0.021231533999097534,0.0,0.0,0.0
605,training,0.0027184915,0.0388864129781723,0.021231533999097534,0.0,0.0,0.0
606,training,0.001679258,0.032599201425909996,0.021231533999097534,0.0,0.0,0.0
607,training,0.0011992836,0.11476008407771587,0.021231533999097534,0.0,0.0,0.0
608,training,0.0007876203,0.11043626721948385,0.021231533999097534,0.0,0.0,0.0
609,training,0.0030325304,0.07754857838153839,0.011334812928174315,0.0,0.0,0.0
610,training,0.0043793023,0.059548765420913696,0.011334812928174315,0.0,0.0,0.0
611,training,0.009322686,0.10253605991601944,0.011334812928174315,0.0,0.0,0.0
612,training,0.0036792797,0.11812599003314972,0.011334812928174315,0.0,0.0,0.0
613,training,0.0012355525,0.10527369379997253,0.011334812928174315,0.0,0.0,0.0
614,training,0.0006744842,0.06883370643481612,0.011334812928174315,0.0,0.0,0.0
615,training,0.0019902203,0.07976239104755224,0.012589373603117418,0.0,0.0,0.0
616,training,0.00042179128,0.10647575324401261,0.012589373603117418,0.0,0.0,0.0
617,training,0.0005173406,0.12244151346385479,0.012589373603117418,0.0,0.0,0.0
618,training,0.0020198356,0.13018347322940826,0.012589373603117418,0.0,0.0,0.0
619,training,0.0009796746,0.13069293648004532,0.012589373603117418,0.0,0.0,0.0
620,training,0.00065657764,0.1426056455820799,0.012589373603117418,0.0,0.0,0.0
621,training,0.0033804853,0.06893239170312881,0.030136104710557377,0.0,0.0,0.0
622,training,0.0007867173,0.07023824937641622,0.030136104710557377,0.0,0.0,0.0
623,training,0.006206206,0.07475236058235168,0.030136104710557377,0.0,0.0,0.0
624,training,0.0025069744,0.04369433782994747,0.030136104710557377,0.0,0.0,0.0
625,training,0.012444997,0.07840771600604057,0.030136104710557377,0.0,0.0,0.0
626,training,0.00048390834,0.07674011588096619,0.030136104710557377,0.0,0.0,0.0
627,training,0.0013231243,0.056899536401033395,0.043628193852144184,0.0,0.0,0.0
628,training,0.0014269755,0.029549930244684216,0.043628193852144184,0.0,0.0,0.0
629,training,0.0023902499,0.008923692628741261,0.043628193852144184,0.0,0.0,0.0
630,training,0.00033901643,0.034399045165628195,0.043628193852144184,0.0,0.0,0.0
631,training,0.00013155275,0.05284547433257103,0.043628193852144184,0.0,0.0,0.0
632,training,0.0008963471,0.04003076255321503,0.043628193852144184,0.0,0.0,0.0
633,training,0.0017665447,0.008843963965773582,0.0750979575208956,0.0,0.0,0.0
634,training,0.0044053514,0.014305553399026396,0.0750979575208956,0.0,0.0,0.0
635,training,0.0032007701,0.01776189124211669,0.0750979575208956,0.0,0.0,0.0
636,training,0.0010077156,0.0458992226049304,0.0750979575208956,0.0,0.0,0.0
637,training,0.0019235266,0.06710596801713108,0.0750979575208956,0.0,0.0,0.0
638,training,0.0013573566,0.13239431008696556,0.0750979575208956,0.0,0.0,0.0
639,training,0.0012875258,0.16166261211037636,0.10617795940999972,0.0,0.0,0.0
640,training,0.0021431574,0.042595695704221725,0.10617795940999972,0.0,0.0,0.0
641,training,0.0016296885,0.04984477534890175,0.10617795940999972,0.0,0.0,0.0
642,training,0.0032838613,0.04765595123171806,0.10617795940999972,0.0,0.0,0.0
643,training,0.00789522,0.023936262354254723,0.10617795940999972,0.0,0.0,0.0
644,training,0.007984454,0.04544944316148758,0.10617795940999972,0.0,0.0,0.0
645,training,0.000873663,0.0004973099566996098,0.06899929379991417,0.0,0.0,0.0
646,training,0.0020420414,0.04281788319349289,0.06899929379991417,0.0,0.0,0.0
647,training,0.0049914336,0.307987448759377,0.06899929379991417,0.0,0.0,0.0
648,training,0.0012695817,0.3287455774843693,0.06899929379991417,0.0,0.0,0.0
649,training,0.0012638975,0.4444294795393944,0.06899929379991417,0.0,0.0,0.0
650,training,0.001549332,0.5891230925917625,0.06899929379991417,0.0,0.0,0.0
651,training,0.0043791616,0.5810807570815086,0.030364029554408478,0.0,0.0,0.0
652,training,0.0023097342,0.5284390226006508,0.030364029554408478,0.0,0.0,0.0
653,training,0.0024356744,0.35881319269537926,0.030364029554408478,0.0,0.0,0.0
654,training,0.0023132958,0.3183858394622803,0.030364029554408478,0.0,0.0,0.0
655,training,0.0013561143,0.30616024881601334,0.030364029554408478,0.0,0.0,0.0
656,training,0.001141035,0.3367627337574959,0.030364029554408478,0.0,0.0,0.0
657,training,0.0013887581,0.30226346477866173,0.03739255725280479,0.0,0.0,0.0
658,training,0.00262519,0.32046546787023544,0.03739255725280479,0.0,0.0,0.0
659,training,0.0005492994,0.3348236978054047,0.03739255725280479,0.0,0.0,0.0
660,training,0.040759914,0.31068380177021027,0.03739255725280479,0.0,0.0,0.0
661,training,0.0068658385,0.33935244381427765,0.03739255725280479,0.0,0.0,0.0
662,training,0.00064903876,0.35743967443704605,0.03739255725280479,0.0,0.0,0.0
663,training,0.0020292066,0.3165167048573494,0.16604475415083012,0.0,0.0,0.0
664,training,0.002773852,0.28583692014217377,0.16604475415083012,0.0,0.0,0.0
665,training,0.007929229,0.5599170401692392,0.16604475415083012,0.0,0.0,0.0
666,training,0.0018038058,0.5222106585279107,0.16604475415083012,0.0,0.0,0.0
667,training,0.0007029234,0.7952643875032663,0.16604475415083012,0.0,0.0,0.0
668,training,0.0028604767,0.7161625698208809,0.29675359724377026,0.0,0.0,0.0
669,training,0.0007347381,0.9125686585903168,0.29675359724377026,0.0,0.0,0.0
670,training,0.013227825,0.8471429124474524,0.3221218773229153,0.0,0.0,0.0
671,training,0.0011494339,0.7429550308734179,0.3221218773229153,0.0,0.0,0.0
672,training,0.0014940733,0.6018118783831596,0.33161788157663813,0.0,0.0,0.0
673,training,0.0014158009,0.5580171570181847,0.33161788157663813,0.0,0.0,0.0
674,training,0.0015653237,0.6795162558555604,0.32425042811018556,0.0,0.0,0.0
675,training,0.00028754893,0.3550238162279129,0.32425042811018556,0.0,0.0,0.0
676,training,0.0010983716,0.27034930139780045,0.32425042811018556,0.0,0.0,0.0
677,training,0.0011718734,0.18845458142459393,0.27919847342703197,0.0,0.0,0.0
678,training,0.0025212492,0.08025863021612167,0.27919847342703197,0.0,0.0,0.0
679,training,0.003223779,0.22730959206819534,0.27919847342703197,0.0,0.0,0.0
680,training,0.00052313576,0.17240330204367638,0.27919847342703197,0.0,0.0,0.0
681,training,0.011943982,0.15046986378729343,0.27919847342703197,0.0,0.0,0.0
682,training,0.0006919306,0.034907389432191856,0.27919847342703197,0.0,0.0,0.0
683,training,0.0042087054,0.01795645803213121,0.15417334665574892,0.0,0.0,0.0
684,training,0.0035930611,0.0035660117864609042,0.15417334665574892,0.0,0.0,0.0
685,training,0.0011383339,0.052192546427249936,0.15417334665574892,0.0,0.0,0.0
686,training,0.0033910936,0.09995248168706894,0.15417334665574892,0.0,0.0,0.0
687,training,0.011501487,0.06188274547457695,0.15417334665574892,0.0,0.0,0.0
688,training,0.0006648962,0.06690646614879371,0.15417334665574892,0.0,0.0,0.0
689,training,0.0093002,0.09744909405708313,0.06421351282186505,0.0,0.0,0.0
690,training,0.0033574018,0.07920867297798395,0.06421351282186505,0.0,0.0,0.0
691,training,0.06361802,0.10769665986299515,0.06421351282186505,0.0,0.0,0.0
692,training,0.00076193805,0.03260922059416771,0.06421351282186505,0.0,0.0,0.0
693,training,0.0011165774,0.032420724630355835,0.06421351282186505,0.0,0.0,0.0
694,training,0.0026405875,0.027358870953321457,0.06421351282186505,0.0,0.0,0.0
695,training,0.001381857,0.00789547711610794,0.018187114606579145,0.0,0.0,0.0
696,training,0.03123508,0.006166689097881317,0.018187114606579145,0.0,0.0,0.0
697,training,0.0006153001,0.025336243212223053,0.018187114606579145,0.0,0.0,0.0
698,training,0.022043886,0.022927574813365936,0.018187114606579145,0.0,0.0,0.0
699,training,0.00648242,0.07449277024716139,0.018187114606579145,0.0,0.0,0.0
700,training,0.0032892362,0.06418868526816368,0.029917939059328335,0.0,0.0,0.0
701,training,0.00092072977,0.06090632267296314,0.029917939059328335,0.0,0.0,0.0
702,training,0.0020436242,0.11642484739422798,0.029917939059328335,0.0,0.0,0.0
703,training,0.020364853,0.13293138146400452,0.029917939059328335,0.0,0.0,0.0
704,training,0.00067990075,0.13821597769856453,0.029917939059328335,0.0,0.0,0.0
705,training,0.0046561775,0.06846560537815094,0.045793931250280716,0.0,0.0,0.0
706,training,0.017491946,0.04457997903227806,0.045793931250280716,0.0,0.0,0.0
707,training,0.009217234,0.11525806412100792,0.045793931250280716,0.0,0.0,0.0
708,training,0.0015094607,0.10907278954982758,0.045793931250280716,0.0,0.0,0.0
709,training,0.004909805,0.08595546707510948,0.045793931250280716,0.0,0.0,0.0
710,training,0.0005368365,0.05271056666970253,0.045793931250280716,0.0,0.0,0.0
711,training,0.009266212,0.07228601723909377,0.045793931250280716,0.0,0.0,0.0
712,training,0.0061470857,0.0977068766951561,0.045793931250280716,0.0,0.0,0.0
713,training,0.0024217484,0.0820067822933197,0.0092717463537512,0.0,0.0,0.0
714,training,0.0006346587,0.07832682505249977,0.0092717463537512,0.0,0.0,0.0
715,training,0.0014209813,0.07571759819984436,0.0092717463537512,0.0,0.0,0.0
716,training,0.07053119,0.055589452385902405,0.0092717463537512,0.0,0.0,0.0
717,training,0.0022688657,0.005544193089008331,0.0092717463537512,0.0,0.0,0.0
718,training,0.0025393718,0.09573331661522388,0.0092717463537512,0.0,0.0,0.0
719,training,0.0024352586,0.08438797295093534,0.033785643155147906,0.0,0.0,0.0
720,training,0.004187666,0.018788062036037445,0.033785643155147906,0.0,0.0,0.0
721,training,0.00469166,0.060982681810855865,0.033785643155147906,0.0,0.0,0.0
722,training,0.0047616386,0.03363353013992308,0.033785643155147906,0.0,0.0,0.0
723,training,0.02432287,0.010132253170013428,0.033785643155147906,0.0,0.0,0.0
724,training,0.0022542095,0.016892828047275543,0.033785643155147906,0.0,0.0,0.0
725,training,0.0018034012,0.00648064911365509,0.03964909460935869,0.0,0.0,0.0
726,training,0.0018017571,0.032178502529859536,0.03964909460935869,0.0,0.0,0.0
727,training,0.0022906866,0.022927377372980118,0.03964909460935869,0.0,0.0,0.0
728,training,0.0034705126,0.02149768732488156,0.03964909460935869,0.0,0.0,0.0
729,training,0.0055323537,0.004415661096572876,0.03964909460935869,0.0,0.0,0.0
730,training,0.00034322747,0.07533954083919525,0.03964909460935869,0.0,0.0,0.0
731,training,0.0019162863,0.007861342281103127,0.020909409276092836,0.0,0.0,0.0
732,training,0.005203467,0.0856905998662114,0.020909409276092836,0.0,0.0,0.0
733,training,0.004424219,0.04325022175908087,0.020909409276092836,0.0,0.0,0.0
734,training,0.0010642826,0.060659680515527725,0.020909409276092836,0.0,0.0,0.0
735,training,0.005149857,0.023046240210533142,0.020909409276092836,0.0,0.0,0.0
736,training,0.00344489,0.01650004554539919,0.020909409276092836,0.0,0.0,0.0
737,training,0.0034276145,0.09066696092486382,0.011198668683483081,0.0,0.0,0.0
738,training,0.043662906,0.04519221559166908,0.011198668683483081,0.0,0.0,0.0
739,training,0.0062556015,0.1243706326931715,0.011198668683483081,0.0,0.0,0.0
740,training,0.0035943345,0.041049145453143865,0.011198668683483081,0.0,0.0,0.0
741,training,0.0030825473,0.09786116890609264,0.011198668683483081,0.0,0.0,0.0
742,training,0.0038514223,0.1176246888935566,0.011198668683483081,0.0,0.0,0.0
743,training,0.005218985,0.015176639310084283,0.011198668683483081,0.0,0.0,0.0
744,training,0.0046724468,0.07544266898185015,0.020465427300838644,0.0,0.0,0.0
745,training,0.005243101,0.03179891780018807,0.020465427300838644,0.0,0.0,0.0
746,training,0.0048645614,0.003659818321466446,0.020465427300838644,0.0,0.0,0.0
747,training,0.0039230203,0.03928510705009103,0.020465427300838644,0.0,0.0,0.0
748,training,0.0016592852,0.02182524092495441,0.020465427300838644,0.0,0.0,0.0
749,training,0.0015542712,0.048276235815137625,0.014165330758841263,0.0,0.0,0.0
750,training,0.0068015107,0.005031328648328788,0.014165330758841263,0.0,0.0,0.0
751,training,0.0028450412,0.005668476223945618,0.014165330758841263,0.0,0.0,0.0
752,training,0.0004820605,0.03102913126349449,0.014165330758841263,0.0,0.0,0.0
753,training,0.0011589852,0.07148623466491699,0.014165330758841263,0.0,0.0,0.0
754,training,0.0018945698,0.02684757113456726,0.014165330758841263,0.0,0.0,0.0
755,training,0.005318162,0.007720582187175751,0.014165330758841263,0.0,0.0,0.0
756,training,0.005495683,0.04832982271909714,0.011174840193799572,0.0,0.0,0.0
757,training,0.0074089193,0.052528916858136654,0.011174840193799572,0.0,0.0,0.0
758,training,0.002185759,0.06993718072772026,0.011174840193799572,0.0,0.0,0.0
759,training,0.004800979,0.10229234397411346,0.011174840193799572,0.0,0.0,0.0
760,training,0.038134336,0.07129971217364073,0.011174840193799572,0.0,0.0,0.0
761,training,0.0014872451,0.09193003084510566,0.011174840193799572,0.0,0.0,0.0
762,training,0.001247109,0.08186199492774905,0.011174840193799572,0.0,0.0,0.0
763,training,0.002105032,0.0854811742901802,0.013266546537817177,0.0,0.0,0.0
764,training,0.006028732,0.07985059171915056,0.013266546537817177,0.0,0.0,0.0
765,training,0.002336821,0.06696097180247307,0.013266546537817177,0.0,0.0,0.0
766,training,0.00049092405,0.15305252000689504,0.013266546537817177,0.0,0.0,0.0
767,training,0.0014691697,0.16495107416994867,0.013266546537817177,0.0,0.0,0.0
768,training,0.00086175447,0.13453208282589912,0.013266546537817177,0.0,0.0,0.0
769,training,0.001900535,0.2070909170433879,0.013266546537817177,0.0,0.0,0.0
770,training,0.0015890542,0.1872674189507961,0.018391937268680523,0.0,0.0,0.0
771,training,0.0059041716,0.20518392324447632,0.018391937268680523,0.0,0.0,0.0
772,training,0.0011878471,0.24366861581802368,0.018391937268680523,0.0,0.0,0.0
773,training,0.0033738583,0.2701360397040844,0.018391937268680523,0.0,0.0,0.0
774,training,0.0028046346,0.20732707902789116,0.018391937268680523,0.0,0.0,0.0
775,training,0.0008169991,0.18375836592167613,0.018391937268680523,0.0,0.0,0.0
776,training,0.0016846304,0.25562692945823073,0.018391937268680523,0.0,0.0,0.0
777,training,0.0019727338,0.18512165616266432,0.018391937268680523,0.0,0.0,0.0
778,training,0.00042773192,0.20452076382935047,0.055560687260466424,0.0,0.0,0.0
779,training,0.003190063,0.1860433015972376,0.055560687260466424,0.0,0.0,0.0
780,training,0.0017711711,0.21349799912422895,0.055560687260466424,0.0,0.0,0.0
781,training,0.002001721,0.19491080217994747,0.055560687260466424,0.0,0.0,0.0
782,training,0.002914363,0.21588254114612931,0.055560687260466424,0.0,0.0,0.0
783,training,0.0052540246,0.2617279654368758,0.055560687260466424,0.0,0.0,0.0
784,training,0.0006839576,0.178308971459046,0.055560687260466424,0.0,0.0,0.0
785,training,0.0004023873,0.20930035226047036,0.055560687260466424,0.0,0.0,0.0
786,training,0.056638386,0.19449092727154496,0.14972253333886834,0.0,0.0,0.0
787,training,0.0031952485,0.26598385721445084,0.14972253333886834,0.0,0.0,0.0
788,training,0.0075238245,0.255302332341671,0.14972253333886834,0.0,0.0,0.0
789,training,0.00086918694,0.27374307811260223,0.14972253333886834,0.0,0.0,0.0
790,training,0.0028725602,0.27281729131937027,0.14972253333886834,0.0,0.0,0.0
791,training,0.0344076,0.294124037027359,0.14972253333886834,0.0,0.0,0.0
792,training,0.0010456938,0.23862937651574612,0.14972253333886834,0.0,0.0,0.0
793,training,0.0018594924,0.17562757059931755,0.16975155391458996,0.0,0.0,0.0
794,training,0.0047084615,0.1567288599908352,0.16975155391458996,0.0,0.0,0.0
795,training,0.0069414107,0.13956096768379211,0.16975155391458996,0.0,0.0,0.0
796,training,0.0027163336,0.14112845808267593,0.16975155391458996,0.0,0.0,0.0
797,training,0.002293755,0.12544506788253784,0.16975155391458996,0.0,0.0,0.0
798,training,0.0010109418,0.0680335983633995,0.16975155391458996,0.0,0.0,0.0
799,training,0.003156968,0.04358580708503723,0.16975155391458996,0.0,0.0,0.0
800,training,0.0029649567,0.021151188760995872,0.1304169063958735,0.0,0.0,0.0
801,training,0.0020452447,0.027920890599489212,0.1304169063958735,0.0,0.0,0.0
802,training,0.0030120127,0.030607663094997406,0.1304169063958735,0.0,0.0,0.0
803,training,0.0043502552,0.08406217396259309,0.1304169063958735,0.0,0.0,0.0
804,training,0.0052785194,0.1655239835381508,0.1304169063958735,0.0,0.0,0.0
805,training,0.0011435559,0.03102473914623259,0.1304169063958735,0.0,0.0,0.0
806,training,0.006453372,0.008016213774681091,0.1304169063958735,0.0,0.0,0.0
807,training,0.015347106,0.06578831933438777,0.07599162025507546,0.0,0.0,0.0
808,training,0.07744566,0.06564278900623322,0.07599162025507546,0.0,0.0,0.0
809,training,0.005163173,0.023561768233776093,0.07599162025507546,0.0,0.0,0.0
810,training,0.004102799,0.010365203022956848,0.07599162025507546,0.0,0.0,0.0
811,training,0.0035566273,0.049033310264349,0.07599162025507546,0.0,0.0,0.0
812,training,0.017597232,0.07677628844976427,0.07599162025507546,0.0,0.0,0.0
813,training,0.0024643335,0.07462316378951073,0.07599162025507546,0.0,0.0,0.0
814,training,0.03886615,0.1440487541258335,0.07599162025507546,0.0,0.0,0.0
815,training,0.0053131343,0.15304997563362122,0.038656731953223125,0.0,0.0,0.0
816,training,0.003228269,0.1201426200568676,0.038656731953223125,0.0,0.0,0.0
817,training,0.0032989138,0.11573456600308418,0.038656731953223125,0.0,0.0,0.0
818,training,0.0066323103,0.09812065400183202,0.038656731953223125,0.0,0.0,0.0
819,training,0.012881474,0.024006223306059837,0.038656731953223125,0.0,0.0,0.0
820,training,0.0036434373,0.01209938433021307,0.038656731953223125,0.0,0.0,0.0
821,training,0.0018698189,0.04919854551553726,0.038656731953223125,0.0,0.0,0.0
822,training,0.0049287253,0.08124500513076782,0.005837906152154526,0.0,0.0,0.0
823,training,0.0063718613,0.07009870558977127,0.005837906152154526,0.0,0.0,0.0
824,training,0.0051505268,0.0074062105268239975,0.005837906152154526,0.0,0.0,0.0
825,training,0.0042793844,0.24651315342634916,0.005837906152154526,0.0,0.0,0.0
826,training,0.003037833,0.3135831486433744,0.005837906152154526,0.0,0.0,0.0
827,training,0.0013041851,0.33227094821631903,0.005837906152154526,0.0,0.0,0.0
828,training,0.00087318325,0.2588902092538774,0.005837906152154526,0.0,0.0,0.0
829,training,0.0033861403,0.2727311197668314,0.16359157753686457,0.0,0.0,0.0
830,training,0.0025309063,0.30947838537395,0.16359157753686457,0.0,0.0,0.0
831,training,0.0009415805,0.3883970864117145,0.16359157753686457,0.0,0.0,0.0
832,training,0.0014348221,0.3816705122590065,0.16359157753686457,0.0,0.0,0.0
833,training,0.0022857331,0.37159871309995646,0.16359157753686457,0.0,0.0,0.0
834,training,0.0040543876,0.3423193693161011,0.20386991361132917,0.0,0.0,0.0
835,training,0.009034532,0.28349023312330246,0.20386991361132917,0.0,0.0,0.0
836,training,0.0052713174,0.18561321124434468,0.20386991361132917,0.0,0.0,0.0
837,training,0.002122683,0.05659876391291617,0.20386991361132917,0.0,0.0,0.0
838,training,0.0017517621,0.006432645022869096,0.20386991361132917,0.0,0.0,0.0
839,training,0.02840348,0.01692567020654677,0.20386991361132917,0.0,0.0,0.0
840,training,0.002193998,0.14360690489411354,0.19115544309359533,0.0,0.0,0.0
841,training,0.0021396643,0.13957642950117588,0.19115544309359533,0.0,0.0,0.0
842,training,0.0020484743,0.09848990477621555,0.19115544309359533,0.0,0.0,0.0
843,training,0.0046263654,0.0984458161983639,0.19115544309359533,0.0,0.0,0.0
844,training,0.0012887721,0.1419953489676118,0.19115544309359533,0.0,0.0,0.0
845,training,0.004485699,0.16445792093873024,0.19115544309359533,0.0,0.0,0.0
846,training,0.009021328,0.13684864155948162,0.14645530714364166,0.0,0.0,0.0
847,training,0.025860678,0.10486583970487118,0.14645530714364166,0.0,0.0,0.0
848,training,0.00096993387,0.13581665232777596,0.14645530714364166,0.0,0.0,0.0
849,training,0.0022105263,0.1180148683488369,0.14645530714364166,0.0,0.0,0.0
850,training,0.0017708598,0.09710851253475994,0.14645530714364166,0.0,0.0,0.0
851,training,0.0010101771,0.1406620405614376,0.14645530714364166,0.0,0.0,0.0
852,training,0.000453784,0.04009686619974673,0.10222391761579133,0.0,0.0,0.0
853,training,0.019827727,0.038873737677931786,0.10222391761579133,0.0,0.0,0.0
854,training,0.006697084,0.039980050176382065,0.10222391761579133,0.0,0.0,0.0
855,training,0.006744324,0.10746849328279495,0.10222391761579133,0.0,0.0,0.0
856,training,0.005643682,0.1217832937836647,0.10222391761579133,0.0,0.0,0.0
857,training,0.005885219,0.1422496885061264,0.10222391761579133,0.0,0.0,0.0
858,training,0.0013072671,0.10275892727077009,0.06533736282149376,0.0,0.0,0.0
859,training,0.0021419663,0.025120705366134644,0.06533736282149376,0.0,0.0,0.0
860,training,0.010764234,0.005315791815519333,0.06533736282149376,0.0,0.0,0.0
861,training,0.0040370417,0.009543012827634811,0.06533736282149376,0.0,0.0,0.0
862,training,0.0012303188,0.02146920189261437,0.06533736282149376,0.0,0.0,0.0
863,training,0.006277993,0.014101995155215265,0.03974146885160626,0.0,0.0,0.0
864,training,0.0021632577,0.07050095498561859,0.03974146885160626,0.0,0.0,0.0
865,training,0.00048191292,0.06355484575033188,0.03974146885160626,0.0,0.0,0.0
866,training,0.0012085423,0.06353348307311535,0.03974146885160626,0.0,0.0,0.0
867,training,0.01567845,0.08685329463332891,0.03974146885160626,0.0,0.0,0.0
868,training,0.04414577,0.100986841134727,0.03974146885160626,0.0,0.0,0.0
869,training,0.002390307,0.05934699531644583,0.03974146885160626,0.0,0.0,0.0
870,training,0.00043534307,0.11125519871711732,0.030486140196400204,0.0,0.0,0.0
871,training,0.011396334,0.04162674956023693,0.030486140196400204,0.0,0.0,0.0
872,training,0.023646515,0.04821491776965558,0.030486140196400204,0.0,0.0,0.0
873,training,0.003303593,0.07536229304969311,0.030486140196400204,0.0,0.0,0.0
874,training,0.0030972753,0.14538797363638878,0.030486140196400204,0.0,0.0,0.0
875,training,0.0058817635,0.1610817164182663,0.030486140196400204,0.0,0.0,0.0
876,training,0.00068230147,0.16011372208595276,0.03331865474358123,0.0,0.0,0.0
877,training,0.006012102,0.12276823073625565,0.03331865474358123,0.0,0.0,0.0
878,training,0.006084117,0.06170725356787443,0.03331865474358123,0.0,0.0,0.0
879,training,0.010284071,0.08306914940476418,0.03331865474358123,0.0,0.0,0.0
880,training,0.0039669094,0.06667295098304749,0.03331865474358123,0.0,0.0,0.0
881,training,0.011376811,0.12342065945267677,0.03331865474358123,0.0,0.0,0.0
882,training,0.0008510037,0.05060235410928725,0.03331865474358123,0.0,0.0,0.0
883,training,0.0026358734,0.11870118416845798,0.06039861244105356,0.0,0.0,0.0
884,training,0.002681043,0.12697109393775463,0.06039861244105356,0.0,0.0,0.0
